Workbook

Sheet Overview
A1: DataAnalysisQuestion | B1: QuestionAlias | C1: session_20_251007_VerzekeraarsMasterClass | D1: session_19_250923_EPA_IntroDays_Overasselt | E1: session_16_240924_EPA_IntroDays_Ommen
A2: Presurvey_id-0-1 | B2: Q_SurveyFinished | C2: =+dataset_251007!C2 -> Finished | D2: =+dataset_250923!C2 -> Finished | E2: Same 250923
A3: Presurvey_id-0-2 | B3: Q_RecordedDate | C3: =+dataset_251007!C3 -> Recorded date | D3: =+dataset_250923!C3 -> Recorded date | E3: Same 250923
A4: Presurvey_id-0-3 | B4: Q_Consent | C4: =+dataset_251007!C4 -> Do you agree to participate | D4: =+dataset_250923!C4 -> Do you agree to participate | E4: Same 250923
A5: Presurvey_id-0-4 | B5: Q_PlayerNumber | C5: =+dataset_251007!C5 -> 1) Vul het tafel- en spelersnummer (t#p#) in dat u hebt gekregen. | D5: =+dataset_250923!C5 -> Q1: Player number 1) Please fill in the table and player number (t#p#) you have been assigned | E5: Same 250923
B6: Q_EducationLevel | C6: --- | D6: --- | E6: =+dataset_240924!C6 -> 2) What is the highest level of education you have completed?
B7: Q_EducationLevel_Other | C7: --- | D7: --- | E7: Other
B8: Q_Role_Faculty | C8: =+dataset_251007!C6 -> 2) Wat is uw belangrijkste rol binnen de organisatie waarmee je verbonden bent? | D8: =+dataset_250923!C6 -> 3) What is your last or most relevant study program(s) about? | E8: Same 250923
B9: Q_Role_Faculty_Other | C9: Other | D9: Other | E9: ---
A10: RiskPerception_1 | B10: Q_Experience | C10: =+dataset_251007!C8 -> 3) Heeft u ooit persoonlijk een overstroming meegemaakt, bijvoorbeeld door de kust, een rivier of hevige regenval? | D10: =+dataset_250923!C7 -> 4) Have you ever personally experienced any type of flood? (e.g. coastal, river or rain flood) | E10: Same 250923
A11: RiskPerception_2 | B11: Q_Info | C11: 4) Hoe vaak heeft u het afgelopen jaar actief geluisterd naar of gelezen over informatie met betrekking tot overstromingen via deze bronnen? | D11: 5) In the past year, how often did you actively listen to or read flood-related information from these sources? | E11: Same 250923
A12: RiskPerception_2_1 | B12: Q_Info_Government | C12: =+dataset_251007!C9 -> Overheid (bijv. officiële brieven, aankondigingen enz.) | D12: =+dataset_250923!C8 -> Government (i.e. official letters, announcements etc.) | E12: Same 250923
A13: RiskPerception_2_2 | B13: Q_Info_WeatherForecast | C13: =+dataset_251007!C10 -> Weersvoorspelling (bijv. overstromingswaarschuwingen) | D13: =+dataset_250923!C9 -> Weather forecast (i.e., flood warnings) | E13: Same 250923
A14: RiskPerception_2_3 | B14: Q_Info_Scientific | C14: =+dataset_251007!C11 -> Wetenschappelijk (d.w.z. academische rapporten of publicaties) | D14: =+dataset_250923!C10 -> Scientific (i.e. academic reports or publications) | E14: Same 250923
A15: RiskPerception_2_4 | B15: Q_Info_GeneralMedia | C15: =+dataset_251007!C12 -> Algemene media (bijv. nieuws, tv en radio) | D15: =+dataset_250923!C11 -> General media (i.e. news, TV and radio) | E15: Same 250923
A16: RiskPerception_2_5 | B16: Q_Info_SocialMedia | C16: =+dataset_251007!C13 -> Sociale netwerken (bijv. vrienden, familie en collega’s) | D16: =+dataset_250923!C12 -> Social network or media (i,e, friends, family and colleagues) | E16: Same 250923
A17: RiskPerception_2_6 | B17: Q_Info_Engineering | C17: =+dataset_251007!C14 -> Ingenieursbureaus (bijv. brochures over overstromingsmaatregelen) | D17: =+dataset_250923!C13 -> Engineering companies (i.e. flood-related measure brochures) | E17: Not asked
A18: RiskPerception_2_7 | B18: Q_Info_Insurances | C18: =+dataset_251007!C15 -> Verzekeringsmaatschappijen (bijv. bescherming tegen overstromingen) | D18: =+dataset_250923!C14 -> Insurance companies (i.e. flood-related protection) | E18: Not asked
B19: Q_HouseLocation | C19: --- | D19: =+dataset_250923!C15 -> 6) In which country(ies) and cities have your house been for more than a year within the last five years? If many, specify maximum of three. | E19: Same 250923
A20: RiskPerception_3 | B20: Q_FloodFuture | C20: =+dataset_251007!C16 -> 6) Hoe waarschijnlijk acht u het dat er zich binnen 5 tot 10 jaar een overstroming bij u voor zal doen? | D20: =+dataset_250923!C16 -> 7) How likely do you consider any type of flood to happen to you in the next 5 to 10 years? | E20: Same 250923
A21: RiskPerception_4 | B21: Q_ClimateChange | C21: =+dataset_251007!C17 -> 7) In hoeverre denkt u dat klimaatverandering de kans op overstroming voor u binnen 5 tot 10 jaar vergroot? | D21: =+dataset_250923!C17 -> 8) To what extent do you believe climate change will increase your likelihood or chance of being flooded in the next 5 to 10 years? | E21: Same 250923
A22: RiskPerception_5 | B22: Q_Threat | C22: =+dataset_251007!C18 -> 8) In hoeverre denkt u dat u schade zult oplopen bij een grote overstroming binnen 5 tot 10 jaar? | D22: =+dataset_250923!C18 -> 9) To what extent do you believe you will get damaged in the event of a major flood in the next 5 to 10 years? | E22: Same 250923
A23: RiskPerception_6 | B23: Q_Responsibility | C23: =+dataset_251007!C19 -> 9) Wie beschouwt u als verantwoordelijk voor het bieden of hebben van bescherming tegen overstromingen? | D23: =+dataset_250923!C19 -> 10) Who do you consider responsible for providing/having flood protection? | E23: Same 250923
B24: Q_ConfidencePublic | C24: 10) Hoeveel vertrouwen heeft u erin dat de volgende overstromingsmaatregelen uw woning zullen beschermen tegen overstromingen? | D24: 11) How confident are you that the following public flood measures will protect your house against flooding? | E24: Same 250923
B25: Q_ConfidenceNatucity | C25: =+dataset_251007!C20 -> Gebieden omgeven door relatief grote begroeide zones die kunnen dienen voor waterretentie. | D25: =+dataset_250923!C20 -> Areas surrounded by relatively large vegetated areas that may serve for water retention (6) | E25: Same 250923
B26: Q_ConfidenceDiketown | C26: =+dataset_251007!C21 -> Gebieden die beschermd zijn met overstromingsmaatregelen zoals dijken. | D26: =+dataset_250923!C21 -> Areas protected with civil engineering flood defences such as dikes | E26: Same 250923
B27: Q_ConfidenceUnbesvillage | C27: =+dataset_251007!C22 -> Gebieden langs een rivier of waterkanaal zonder bescherming. | D27: =+dataset_250923!C22 -> Areas besides a river or a water channel without protection | E27: Same 250923
B28: Q_Confidence_private | C28: 11) Hoeveel vertrouwen heeft uw erin dat de volgende particuliere overstromingsmaatregelen uw woning zullen beschermen tegen overstromingen? | D28: How confident are you that the following private flood measures will protect your house against flooding? | E28: 12) Which private measures do you believe will protect you against the below type of floods and or provide you with any type of satisfaction?
B29: Q_ConfidenceGreenGarden | C29: =+dataset_251007!C24 -> Groene tuin met open bestrating | D29: =+dataset_250923!C23 -> Green Garden with open pavement | E29: Same 250923
B30: Q_ConfidenceRainBarrel | C30: =+dataset_251007!C25 -> Regenwaterton voor waterhergebruik | D30: =+dataset_250923!C24 -> Rain barrel for water recycling | E30: Same 250923
B31: Q_ConfidenceSandbags | C31: =+dataset_251007!C26 -> Zandzakken | D31: =+dataset_250923!C25 -> Sandbags | E31: Same 250923
B32: Q_ConfidenceWaterproof | C32: =+dataset_251007!C27 -> Waterdichte muren en vloeren | D32: =+dataset_250923!C26 -> Waterproof walls and floors | E32: Same 250923
B33: Q_ConfidenceSelf-wall | C33: =+dataset_251007!C28 -> Zelf activerende waterkering | D33: =+dataset_250923!C27 -> Self-activating flood wall | E33: Same 250923
B34: Q_ConfidenceInsurance | C34: =+dataset_251007!C29 -> Overstromingsverzekering | D34: =+dataset_250923!C28 -> Flood insurance | E34: Same 250923
B35: Q_ConfidenceWaterPump | C35: --- | D35: --- | E35: Added
B36: # questions | C36: 11 Questions, 3 with suboptions | D36: 11 Questions, 3 with suboptions | E36: 12 Questions, 3 with suboptions

Sheet dataset_251007
A1: DataAnalysisQuestion | B1: QuestionAlias | C1: QuestionText | D1: QuestionColumn | E1: AnswerOptions | F1: Option1 | G1: Option2 | H1: Option3 | I1: Option4 | J1: Option5 | K1: Option6 | L1: Option7
A2: =+Overview!A2 -> Presurvey_id-0-1 | B2: =+Overview!B2 -> Q_SurveyFinished | C2: Finished | D2: 5 | E2: TRUE/FALSE
A3: =+Overview!A3 -> Presurvey_id-0-2 | B3: =+Overview!B3 -> Q_RecordedDate | C3: Recorded date | D3: 6 | E3: Date
A4: =+Overview!A4 -> Presurvey_id-0-3 | B4: =+Overview!B4 -> Q_Consent | C4: Do you agree to participate | D4: 10 | E4: Yes/No | F4: 2 = Ja, ik ga akkoord met vrijwillige deelname (bedankt voor uw medewerking)! | G4: 1 = Nee, ik verkies niet deel te nemen (de enquête eindigt, en u wacht vriendelijk tot anderen klaar zijn).
A5: =+Overview!A5 -> Presurvey_id-0-4 | B5: =+Overview!B5 -> Q_PlayerNumber | C5: 1) Vul het tafel- en spelersnummer (t#p#) in dat u hebt gekregen. | D5: 11 | E5: text
A6: =+Overview!A8 -> 0 | B6: =+Overview!B8 -> Q_Role_Faculty | C6: 2) Wat is uw belangrijkste rol binnen de organisatie waarmee je verbonden bent? | D6: 12 | E6: 5 | F6: 1 = Adviseur | G6: 2 = Projectmanager | H6: 3 = Communicatie | I6: 4 = Klantenondersteuning | J6: 5 = Other
A7: =+Overview!A9 -> 0 | B7: =+Overview!B9 -> Q_Role_Faculty_Other | C7: =+Overview!C9 -> Other | D7: 13 | E7: text
A8: =+Overview!A10 -> RiskPerception_1 | B8: =+Overview!B10 -> Q_Experience | C8: 3) Heeft u ooit persoonlijk een overstroming meegemaakt, bijvoorbeeld door de kust, een rivier of hevige regenval? | D8: 14 | E8: 5 | F8: 1 = Nee, ik heb geen ervaring met overstromingen | G8: 2 = Ja, maar zonder verstoringen of schade | H8: 3 = Ja, met lichte verstoringen of schade | I8: 4 = Ja, met enige verstoringen of schade | J8: 5 = Ja, met ernstige verstoringen of schade
A9: =+Overview!A12 -> RiskPerception_2_1 | B9: =+Overview!B12 -> Q_Info_Government | C9: Overheid (bijv. officiële brieven, aankondigingen enz.) | D9: 15 | E9: 6 | F9: 1 = Nooit | G9: 2 = Eén keer in het afgelopen jaar | H9: 3 = Eén keer in de afgelopen zes maanden | I9: 4 = Eén keer per maand | J9: 5 = Eén keer per week | K9: 6 = Eén keer per dag
A10: =+Overview!A13 -> RiskPerception_2_2 | B10: =+Overview!B13 -> Q_Info_WeatherForecast | C10: Weersvoorspelling (bijv. overstromingswaarschuwingen) | D10: 16 | E10: =+E$9 -> 6 | F10: =+F$9 -> 1 = Nooit | G10: =+G$9 -> 2 = Eén keer in het afgelopen jaar | H10: =+H$9 -> 3 = Eén keer in de afgelopen zes maanden | I10: =+I$9 -> 4 = Eén keer per maand | J10: =+J$9 -> 5 = Eén keer per week | K10: =+K$9 -> 6 = Eén keer per dag
A11: =+Overview!A14 -> RiskPerception_2_3 | B11: =+Overview!B14 -> Q_Info_Scientific | C11: Wetenschappelijk (d.w.z. academische rapporten of publicaties) | D11: 17 | E11: =+E$9 -> 6 | F11: =+F$9 -> 1 = Nooit | G11: =+G$9 -> 2 = Eén keer in het afgelopen jaar | H11: =+H$9 -> 3 = Eén keer in de afgelopen zes maanden | I11: =+I$9 -> 4 = Eén keer per maand | J11: =+J$9 -> 5 = Eén keer per week | K11: =+K$9 -> 6 = Eén keer per dag
A12: =+Overview!A15 -> RiskPerception_2_4 | B12: =+Overview!B15 -> Q_Info_GeneralMedia | C12: Algemene media (bijv. nieuws, tv en radio) | D12: 18 | E12: =+E$9 -> 6 | F12: =+F$9 -> 1 = Nooit | G12: =+G$9 -> 2 = Eén keer in het afgelopen jaar | H12: =+H$9 -> 3 = Eén keer in de afgelopen zes maanden | I12: =+I$9 -> 4 = Eén keer per maand | J12: =+J$9 -> 5 = Eén keer per week | K12: =+K$9 -> 6 = Eén keer per dag
A13: =+Overview!A16 -> RiskPerception_2_5 | B13: =+Overview!B16 -> Q_Info_SocialMedia | C13: Sociale netwerken (bijv. vrienden, familie en collega’s) | D13: 19 | E13: =+E$9 -> 6 | F13: =+F$9 -> 1 = Nooit | G13: =+G$9 -> 2 = Eén keer in het afgelopen jaar | H13: =+H$9 -> 3 = Eén keer in de afgelopen zes maanden | I13: =+I$9 -> 4 = Eén keer per maand | J13: =+J$9 -> 5 = Eén keer per week | K13: =+K$9 -> 6 = Eén keer per dag
A14: =+Overview!A17 -> RiskPerception_2_6 | B14: =+Overview!B17 -> Q_Info_Engineering | C14: Ingenieursbureaus (bijv. brochures over overstromingsmaatregelen) | D14: 20 | E14: =+E$9 -> 6 | F14: =+F$9 -> 1 = Nooit | G14: =+G$9 -> 2 = Eén keer in het afgelopen jaar | H14: =+H$9 -> 3 = Eén keer in de afgelopen zes maanden | I14: =+I$9 -> 4 = Eén keer per maand | J14: =+J$9 -> 5 = Eén keer per week | K14: =+K$9 -> 6 = Eén keer per dag
A15: =+Overview!A18 -> RiskPerception_2_7 | B15: =+Overview!B18 -> Q_Info_Insurances | C15: Verzekeringsmaatschappijen (bijv. bescherming tegen overstromingen) | D15: 21 | E15: =+E$9 -> 6 | F15: =+F$9 -> 1 = Nooit | G15: =+G$9 -> 2 = Eén keer in het afgelopen jaar | H15: =+H$9 -> 3 = Eén keer in de afgelopen zes maanden | I15: =+I$9 -> 4 = Eén keer per maand | J15: =+J$9 -> 5 = Eén keer per week | K15: =+K$9 -> 6 = Eén keer per dag
A16: =+Overview!A20 -> RiskPerception_3 | B16: =+Overview!B20 -> Q_FloodFuture | C16: 6) Hoe waarschijnlijk acht u het dat er zich binnen 5 tot 10 jaar een overstroming bij u voor zal doen? | D16: 22 | E16: 5 | F16: 1 = Zeer onwaarschijnlijk | G16: 2 = Onwaarschijnlijk | H16: 3 = Neutraal | I16: 4 = Waarschijnlijk | J16: 5 = Zeer waarschijnlijk
A17: =+Overview!A21 -> RiskPerception_4 | B17: =+Overview!B21 -> Q_ClimateChange | C17: 7) In hoeverre denkt u dat klimaatverandering de kans op overstroming voor u binnen 5 tot 10 jaar vergroot? | D17: 23 | E17: 5 | F17: 1 = Geen toename | G17: 2 = Een kleine toename | H17: 3 = Een gemiddelde toename | I17: 4 = Een grote toename | J17: 5 = Een extreme toename
A18: =+Overview!A22 -> RiskPerception_5 | B18: =+Overview!B22 -> Q_Threat | C18: 8) In hoeverre denkt u dat u schade zult oplopen bij een grote overstroming binnen 5 tot 10 jaar? | D18: 24 | E18: 5 | F18: 1 = Geen, Ik zal niet overstromen | G18: 2 = Als ik overstroom, zal ik geen schade hebben | H18: 3 = Ik zou lichte schade kunnen oplopen | I18: 4 = Ik zal enige schade oplopen | J18: 5 = Ik zal ernstige schade oplopen
A19: =+Overview!A23 -> RiskPerception_6 | B19: =+Overview!B23 -> Q_Responsibility | C19: 9) Wie beschouwt u als verantwoordelijk voor het bieden of hebben van bescherming tegen overstromingen? | D19: 25 | E19: 5 | F19: 1 = Overheidsinstanties zijn volledig verantwoordelijk voor bescherming tegen overstromingen | G19: 2 = Overheidsinstanties zijn verantwoordelijk en burgers deels verantwoordelijk voor bescherming tegen overstromingen | H19: 3 = Overheidsinstanties en burgers zijn even verantwoordelijk voor bescherming tegen overstromingen | I19: 4 = Burgers zijn verantwoordelijk, en overheidsinstanties deels verantwoordelijk voor bescherming tegen overstromingen | J19: 5 = Burgers zijn volledig verantwoordelijk voor bescherming tegen overstromingen
A20: =+Overview!A25 -> 0 | B20: =+Overview!B25 -> Q_ConfidenceNatucity | C20: Gebieden omgeven door relatief grote begroeide zones die kunnen dienen voor waterretentie. | D20: 26 | E20: 6 | F20: 1 = Helemaal geen vertrouwen | G20: 2 = Geen vertrouwen | H20: 3 = Niet duidelijk | I20: 4 = Enigszins vertrouwen | J20: 5 = Volledig vertrouwen | K20: 6 = Ik weet het niet
A21: =+Overview!A26 -> 0 | B21: =+Overview!B26 -> Q_ConfidenceDiketown | C21: Gebieden die beschermd zijn met overstromingsmaatregelen zoals dijken. | D21: 27 | E21: =+E$20 -> 6 | F21: =+F$20 -> 1 = Helemaal geen vertrouwen | G21: =+G$20 -> 2 = Geen vertrouwen | H21: =+H$20 -> 3 = Niet duidelijk | I21: =+I$20 -> 4 = Enigszins vertrouwen | J21: =+J$20 -> 5 = Volledig vertrouwen | K21: =+K$20 -> 6 = Ik weet het niet
A22: =+Overview!A27 -> 0 | B22: =+Overview!B27 -> Q_ConfidenceUnbesvillage | C22: Gebieden langs een rivier of waterkanaal zonder bescherming. | D22: 28 | E22: =+E$20 -> 6 | F22: =+F$20 -> 1 = Helemaal geen vertrouwen | G22: =+G$20 -> 2 = Geen vertrouwen | H22: =+H$20 -> 3 = Niet duidelijk | I22: =+I$20 -> 4 = Enigszins vertrouwen | J22: =+J$20 -> 5 = Volledig vertrouwen | K22: =+K$20 -> 6 = Ik weet het niet
A23: =+Overview!A28 -> 0 | B23: =+Overview!B28 -> Q_Confidence_private | C23: 11) Hoeveel vertrouwen heeft uw erin dat de volgende particuliere overstromingsmaatregelen uw woning zullen beschermen tegen overstromingen? | D23: --- | E23: 6 | F23: 1 = Helemaal geen vertrouwen | G23: 2 = Geen vertrouwen | H23: 3 = Niet duidelijk | I23: 4 = Enigszins vertrouwen | J23: 5 = Volledig vertrouwen | K23: 6 = Ik weet het niet
A24: =+Overview!A29 -> 0 | B24: =+Overview!B29 -> Q_ConfidenceGreenGarden | C24: Groene tuin met open bestrating | D24: 29 | E24: =+E$23 -> 6 | F24: =+F$23 -> 1 = Helemaal geen vertrouwen | G24: =+G$23 -> 2 = Geen vertrouwen | H24: =+H$23 -> 3 = Niet duidelijk | I24: =+I$23 -> 4 = Enigszins vertrouwen | J24: =+J$23 -> 5 = Volledig vertrouwen | K24: =+K$23 -> 6 = Ik weet het niet
A25: =+Overview!A30 -> 0 | B25: =+Overview!B30 -> Q_ConfidenceRainBarrel | C25: Regenwaterton voor waterhergebruik | D25: 30 | E25: =+E$23 -> 6 | F25: =+F$23 -> 1 = Helemaal geen vertrouwen | G25: =+G$23 -> 2 = Geen vertrouwen | H25: =+H$23 -> 3 = Niet duidelijk | I25: =+I$23 -> 4 = Enigszins vertrouwen | J25: =+J$23 -> 5 = Volledig vertrouwen | K25: =+K$23 -> 6 = Ik weet het niet
A26: =+Overview!A31 -> 0 | B26: =+Overview!B31 -> Q_ConfidenceSandbags | C26: Zandzakken | D26: 31 | E26: =+E$23 -> 6 | F26: =+F$23 -> 1 = Helemaal geen vertrouwen | G26: =+G$23 -> 2 = Geen vertrouwen | H26: =+H$23 -> 3 = Niet duidelijk | I26: =+I$23 -> 4 = Enigszins vertrouwen | J26: =+J$23 -> 5 = Volledig vertrouwen | K26: =+K$23 -> 6 = Ik weet het niet
A27: =+Overview!A32 -> 0 | B27: =+Overview!B32 -> Q_ConfidenceWaterproof | C27: Waterdichte muren en vloeren | D27: 32 | E27: =+E$23 -> 6 | F27: =+F$23 -> 1 = Helemaal geen vertrouwen | G27: =+G$23 -> 2 = Geen vertrouwen | H27: =+H$23 -> 3 = Niet duidelijk | I27: =+I$23 -> 4 = Enigszins vertrouwen | J27: =+J$23 -> 5 = Volledig vertrouwen | K27: =+K$23 -> 6 = Ik weet het niet
A28: =+Overview!A33 -> 0 | B28: =+Overview!B33 -> Q_ConfidenceSelf-wall | C28: Zelf activerende waterkering | D28: 33 | E28: =+E$23 -> 6 | F28: =+F$23 -> 1 = Helemaal geen vertrouwen | G28: =+G$23 -> 2 = Geen vertrouwen | H28: =+H$23 -> 3 = Niet duidelijk | I28: =+I$23 -> 4 = Enigszins vertrouwen | J28: =+J$23 -> 5 = Volledig vertrouwen | K28: =+K$23 -> 6 = Ik weet het niet
A29: =+Overview!A34 -> 0 | B29: =+Overview!B34 -> Q_ConfidenceInsurance | C29: Overstromingsverzekering | D29: 34 | E29: =+E$23 -> 6 | F29: =+F$23 -> 1 = Helemaal geen vertrouwen | G29: =+G$23 -> 2 = Geen vertrouwen | H29: =+H$23 -> 3 = Niet duidelijk | I29: =+I$23 -> 4 = Enigszins vertrouwen | J29: =+J$23 -> 5 = Volledig vertrouwen | K29: =+K$23 -> 6 = Ik weet het niet

Sheet dataset_250923
A1: DataAnalysisQuestion | B1: QuestionAlias | C1: QuestionText | D1: QuestionColumn | E1: AnswerOptions | F1: Option1 | G1: Option2 | H1: Option3 | I1: Option4 | J1: Option5 | K1: Option6 | L1: Option7
A2: =+Overview!A2 -> Presurvey_id-0-1 | B2: =+Overview!B2 -> Q_SurveyFinished | C2: Finished | D2: 5 | E2: TRUE/FALSE
A3: =+Overview!A3 -> Presurvey_id-0-2 | B3: =+Overview!B3 -> Q_RecordedDate | C3: Recorded date | D3: 6 | E3: Date
A4: =+Overview!A4 -> Presurvey_id-0-3 | B4: =+Overview!B4 -> Q_Consent | C4: Do you agree to participate | D4: 10 | E4: Yes/No | F4: 2 = Yes, I agree to voluntarily participate (thanks for your collaboration)! | G4: 1 = No, I prefer not to participate (the survey ends, and you kindly wait for others to finish)
A5: =+Overview!A5 -> Presurvey_id-0-4 | B5: =+Overview!B5 -> Q_PlayerNumber | C5: Q1: Player number 1) Please fill in the table and player number (t#p#) you have been assigned | D5: 11 | E5: text
A6: =+Overview!A8 -> 0 | B6: =+Overview!B8 -> Q_Role_Faculty | C6: 3) What is your last or most relevant study program(s) about? | D6: 12 | E6: text
A7: =+Overview!A10 -> RiskPerception_1 | B7: =+Overview!B10 -> Q_Experience | C7: 4) Have you ever personally experienced any type of flood? (e.g. coastal, river or rain flood) | D7: 13 | E7: 5 | F7: 1 = No, I do not have a flood experience | G7: 2 = Yes, but without disruptions or damages | H7: 3 = Yes, with minor disruptions or damages | I7: 4 = Yes, with some disruptions or damages | J7: 5 = Yes, with serious disruptions or damages
A8: =+Overview!A12 -> RiskPerception_2_1 | B8: =+Overview!B12 -> Q_Info_Government | C8: Government (i.e. official letters, announcements etc.) | D8: 14 | E8: 6 | F8: 1 = Never | G8: 2 = Once in the last year | H8: 3 = Once in the last six months | I8: 4 = Once a month | J8: 5 = Once a week | K8: 6 = Once a day
A9: =+Overview!A13 -> RiskPerception_2_2 | B9: =+Overview!B13 -> Q_Info_WeatherForecast | C9: Weather forecast (i.e., flood warnings) | D9: 15 | E9: =+E$8 -> 6 | F9: =+F$8 -> 1 = Never | G9: =+G$8 -> 2 = Once in the last year | H9: =+H$8 -> 3 = Once in the last six months | I9: =+I$8 -> 4 = Once a month | J9: =+J$8 -> 5 = Once a week | K9: =+K$8 -> 6 = Once a day
A10: =+Overview!A14 -> RiskPerception_2_3 | B10: =+Overview!B14 -> Q_Info_Scientific | C10: Scientific (i.e. academic reports or publications) | D10: 16 | E10: =+E$8 -> 6 | F10: =+F$8 -> 1 = Never | G10: =+G$8 -> 2 = Once in the last year | H10: =+H$8 -> 3 = Once in the last six months | I10: =+I$8 -> 4 = Once a month | J10: =+J$8 -> 5 = Once a week | K10: =+K$8 -> 6 = Once a day
A11: =+Overview!A15 -> RiskPerception_2_4 | B11: =+Overview!B15 -> Q_Info_GeneralMedia | C11: General media (i.e. news, TV and radio) | D11: 17 | E11: =+E$8 -> 6 | F11: =+F$8 -> 1 = Never | G11: =+G$8 -> 2 = Once in the last year | H11: =+H$8 -> 3 = Once in the last six months | I11: =+I$8 -> 4 = Once a month | J11: =+J$8 -> 5 = Once a week | K11: =+K$8 -> 6 = Once a day
A12: =+Overview!A16 -> RiskPerception_2_5 | B12: =+Overview!B16 -> Q_Info_SocialMedia | C12: Social network or media (i,e, friends, family and colleagues) | D12: 18 | E12: =+E$8 -> 6 | F12: =+F$8 -> 1 = Never | G12: =+G$8 -> 2 = Once in the last year | H12: =+H$8 -> 3 = Once in the last six months | I12: =+I$8 -> 4 = Once a month | J12: =+J$8 -> 5 = Once a week | K12: =+K$8 -> 6 = Once a day
A13: =+Overview!A17 -> RiskPerception_2_6 | B13: =+Overview!B17 -> Q_Info_Engineering | C13: Engineering companies (i.e. flood-related measure brochures) | D13: 19 | E13: =+E$8 -> 6 | F13: =+F$8 -> 1 = Never | G13: =+G$8 -> 2 = Once in the last year | H13: =+H$8 -> 3 = Once in the last six months | I13: =+I$8 -> 4 = Once a month | J13: =+J$8 -> 5 = Once a week | K13: =+K$8 -> 6 = Once a day
A14: =+Overview!A18 -> RiskPerception_2_7 | B14: =+Overview!B18 -> Q_Info_Insurances | C14: Insurance companies (i.e. flood-related protection) | D14: 20 | E14: =+E$8 -> 6 | F14: =+F$8 -> 1 = Never | G14: =+G$8 -> 2 = Once in the last year | H14: =+H$8 -> 3 = Once in the last six months | I14: =+I$8 -> 4 = Once a month | J14: =+J$8 -> 5 = Once a week | K14: =+K$8 -> 6 = Once a day
A15: =+Overview!A19 -> 0 | B15: =+Overview!B19 -> Q_HouseLocation | C15: 6) In which country(ies) and cities have your house been for more than a year within the last five years? If many, specify maximum of three. | D15: 21 | E15: text
A16: =+Overview!A20 -> RiskPerception_3 | B16: =+Overview!B20 -> Q_FloodFuture | C16: 7) How likely do you consider any type of flood to happen to you in the next 5 to 10 years? | D16: 22 | E16: 5 | F16: 1 = Very unlikely | G16: 2 = Unlikely | H16: 3 = Neutral | I16: 4 = Likely | J16: 5 = Very likely
A17: =+Overview!A21 -> RiskPerception_4 | B17: =+Overview!B21 -> Q_ClimateChange | C17: 8) To what extent do you believe climate change will increase your likelihood or chance of being flooded in the next 5 to 10 years? | D17: 23 | E17: 5 | F17: 1 = No increase at all | G17: 2 = A little increase | H17: 3 = A moderate increase | I17: 4 = A big increase | J17: 5 = An extreme increase
A18: =+Overview!A22 -> RiskPerception_5 | B18: =+Overview!B22 -> Q_Threat | C18: 9) To what extent do you believe you will get damaged in the event of a major flood in the next 5 to 10 years? | D18: 24 | E18: 5 | F18: 1 = I won't get flooded | G18: 2 = If I get flooded, I won't get damaged | H18: 3 = I might suffer minor damage | I18: 4 = I will suffer some damage | J18: 5 = I will get seriously damaged
A19: =+Overview!A23 -> RiskPerception_6 | B19: =+Overview!B23 -> Q_Responsibility | C19: 10) Who do you consider responsible for providing/having flood protection? | D19: 25 | E19: 5 | F19: 1 = Public authorities are completely responsible for flood protection | G19: 2 = Public authorities are responsible and citizens somewhat responsible for flood protection | H19: 3 = Public authorities and citizens are equally responsible for flood protection | I19: 4 = Citizens are responsible, and public authorities are somewhat responsible for flood protection | J19: 5 = Citizens are completely responsible for flood protection
A20: =+Overview!A25 -> 0 | B20: =+Overview!B25 -> Q_ConfidenceNatucity | C20: Areas surrounded by relatively large vegetated areas that may serve for water retention (6) | D20: 26 | E20: 6 | F20: 1 = Absolutely not confident | G20: 2 = Not confident | H20: 3 = Inconclusive | I20: 4 = Somehow confident | J20: 5 = Absolutely confident | K20: 6 = I don't know
A21: =+Overview!A26 -> 0 | B21: =+Overview!B26 -> Q_ConfidenceDiketown | C21: Areas protected with civil engineering flood defences such as dikes | D21: 27 | E21: =+E$20 -> 6 | F21: =+F$20 -> 1 = Absolutely not confident | G21: =+G$20 -> 2 = Not confident | H21: =+H$20 -> 3 = Inconclusive | I21: =+I$20 -> 4 = Somehow confident | J21: =+J$20 -> 5 = Absolutely confident | K21: =+K$20 -> 6 = I don't know
A22: =+Overview!A27 -> 0 | B22: =+Overview!B27 -> Q_ConfidenceUnbesvillage | C22: Areas besides a river or a water channel without protection | D22: 28 | E22: =+E$20 -> 6 | F22: =+F$20 -> 1 = Absolutely not confident | G22: =+G$20 -> 2 = Not confident | H22: =+H$20 -> 3 = Inconclusive | I22: =+I$20 -> 4 = Somehow confident | J22: =+J$20 -> 5 = Absolutely confident | K22: =+K$20 -> 6 = I don't know
A23: =+Overview!A29 -> 0 | B23: =+Overview!B29 -> Q_ConfidenceGreenGarden | C23: Green Garden with open pavement | D23: 29 | E23: 6 | F23: 1 = Absolutely not confident | G23: 2 = Not confident | H23: 3 = Inconclusive | I23: 4 = Somehow confident | J23: 5 = Absolutely confident | K23: 6 = I don't know
A24: =+Overview!A30 -> 0 | B24: =+Overview!B30 -> Q_ConfidenceRainBarrel | C24: Rain barrel for water recycling | D24: 30 | E24: =+E$23 -> 6 | F24: =+F$23 -> 1 = Absolutely not confident | G24: =+G$23 -> 2 = Not confident | H24: =+H$23 -> 3 = Inconclusive | I24: =+I$23 -> 4 = Somehow confident | J24: =+J$23 -> 5 = Absolutely confident | K24: =+K$23 -> 6 = I don't know
A25: =+Overview!A31 -> 0 | B25: =+Overview!B31 -> Q_ConfidenceSandbags | C25: Sandbags | D25: 31 | E25: =+E$23 -> 6 | F25: =+F$23 -> 1 = Absolutely not confident | G25: =+G$23 -> 2 = Not confident | H25: =+H$23 -> 3 = Inconclusive | I25: =+I$23 -> 4 = Somehow confident | J25: =+J$23 -> 5 = Absolutely confident | K25: =+K$23 -> 6 = I don't know
A26: =+Overview!A32 -> 0 | B26: =+Overview!B32 -> Q_ConfidenceWaterproof | C26: Waterproof walls and floors | D26: 32 | E26: =+E$23 -> 6 | F26: =+F$23 -> 1 = Absolutely not confident | G26: =+G$23 -> 2 = Not confident | H26: =+H$23 -> 3 = Inconclusive | I26: =+I$23 -> 4 = Somehow confident | J26: =+J$23 -> 5 = Absolutely confident | K26: =+K$23 -> 6 = I don't know
A27: =+Overview!A33 -> 0 | B27: =+Overview!B33 -> Q_ConfidenceSelf-wall | C27: Self-activating flood wall | D27: 33 | E27: =+E$23 -> 6 | F27: =+F$23 -> 1 = Absolutely not confident | G27: =+G$23 -> 2 = Not confident | H27: =+H$23 -> 3 = Inconclusive | I27: =+I$23 -> 4 = Somehow confident | J27: =+J$23 -> 5 = Absolutely confident | K27: =+K$23 -> 6 = I don't know
A28: =+Overview!A34 -> 0 | B28: =+Overview!B34 -> Q_ConfidenceInsurance | C28: Flood insurance | D28: 34 | E28: =+E$23 -> 6 | F28: =+F$23 -> 1 = Absolutely not confident | G28: =+G$23 -> 2 = Not confident | H28: =+H$23 -> 3 = Inconclusive | I28: =+I$23 -> 4 = Somehow confident | J28: =+J$23 -> 5 = Absolutely confident | K28: =+K$23 -> 6 = I don't know

Sheet dataset_240924
A1: DataAnalysisQuestion | B1: QuestionAlias | C1: QuestionText | D1: QuestionColumn | E1: AnswerOptions | F1: Option1 | G1: Option2 | H1: Option3 | I1: Option4 | J1: Option5 | K1: Option6 | L1: Option7
A2: =+Overview!A2 -> Presurvey_id-0-1 | B2: =+Overview!B2 -> Q_SurveyFinished | C2: Finished | D2: 5 | E2: TRUE/FALSE
A3: =+Overview!A3 -> Presurvey_id-0-2 | B3: =+Overview!B3 -> Q_RecordedDate | C3: Recorded date | D3: 6 | E3: Date
A4: =+Overview!A4 -> Presurvey_id-0-3 | B4: =+Overview!B4 -> Q_Consent | C4: Do you agree to participate | D4: 10 | E4: Yes/No | F4: 2 = Yes, I agree to voluntarily participate (thanks for your collaboration)! | G4: 1 = No, I prefer not to participate (the survey ends, and you kindly wait for others to finish)
A5: =+Overview!A5 -> Presurvey_id-0-4 | B5: =+Overview!B5 -> Q_PlayerNumber | C5: 1) Please fill in the table and player number (t#p#) you have been assigned. | D5: 11 | E5: text
A6: =+Overview!A6 -> 0 | B6: =+Overview!B6 -> Q_EducationLevel | C6: 2) What is the highest level of education you have completed? | D6: 12 | E6: 5 | F6: 1 = High school | G6: 2 = BSc | H6: 3 = MSc | I6: 4 = PhD | J6: 5 = Other
A7: =+Overview!A8 -> 0 | B7: =+Overview!B7 -> Q_EducationLevel_Other | C7: Other | E7: text
A8: =+Overview!A9 -> 0 | B8: =+Overview!B8 -> Q_Role_Faculty | C8: 3) What is your last or most relevant study program(s) about? | D8: 13 | E8: text
A9: =+Overview!A10 -> RiskPerception_1 | B9: =+Overview!B10 -> Q_Experience | C9: 4) Have you ever personally experienced any type of flood? (e.g. coastal, river or rain flood) | D9: 15 | E9: 5 | F9: 1 = No, I do not have a flood experience | G9: 2 = Yes, but without disruptions or damages | H9: 3 = Yes, with minor disruptions or damages | I9: 4 = Yes, with some disruptions or damages | J9: 5 = Yes, with serious disruptions or damages
A10: =+Overview!A12 -> RiskPerception_2_1 | B10: =+Overview!B12 -> Q_Info_Government | C10: Government (i.e. official letters, announcements etc.) | D10: 16 | E10: 6 | F10: 1 = Never | G10: 2 = Once in the last year | H10: 3 = Once in the last six months | I10: 4 = Once a month | J10: 5 = Once a week | K10: 6 = Once a day
A11: =+Overview!A13 -> RiskPerception_2_2 | B11: =+Overview!B13 -> Q_Info_WeatherForecast | C11: Weather forecast (i.e., flood warnings) | D11: 17 | E11: =+E$10 -> 6 | F11: =+F$10 -> 1 = Never | G11: =+G$10 -> 2 = Once in the last year | H11: =+H$10 -> 3 = Once in the last six months | I11: =+I$10 -> 4 = Once a month | J11: =+J$10 -> 5 = Once a week | K11: =+K$10 -> 6 = Once a day
A12: =+Overview!A14 -> RiskPerception_2_3 | B12: =+Overview!B14 -> Q_Info_Scientific | C12: Scientific (i.e. academic reports or publications) | D12: 18 | E12: =+E$10 -> 6 | F12: =+F$10 -> 1 = Never | G12: =+G$10 -> 2 = Once in the last year | H12: =+H$10 -> 3 = Once in the last six months | I12: =+I$10 -> 4 = Once a month | J12: =+J$10 -> 5 = Once a week | K12: =+K$10 -> 6 = Once a day
A13: =+Overview!A15 -> RiskPerception_2_4 | B13: =+Overview!B15 -> Q_Info_GeneralMedia | C13: General media (i.e. news, TV and radio) | D13: 19 | E13: =+E$10 -> 6 | F13: =+F$10 -> 1 = Never | G13: =+G$10 -> 2 = Once in the last year | H13: =+H$10 -> 3 = Once in the last six months | I13: =+I$10 -> 4 = Once a month | J13: =+J$10 -> 5 = Once a week | K13: =+K$10 -> 6 = Once a day
A14: =+Overview!A16 -> RiskPerception_2_5 | B14: =+Overview!B16 -> Q_Info_SocialMedia | C14: Social network or media (i,e, friends, family and colleagues) | D14: 20 | E14: =+E$10 -> 6 | F14: =+F$10 -> 1 = Never | G14: =+G$10 -> 2 = Once in the last year | H14: =+H$10 -> 3 = Once in the last six months | I14: =+I$10 -> 4 = Once a month | J14: =+J$10 -> 5 = Once a week | K14: =+K$10 -> 6 = Once a day
A15: =+Overview!A19 -> 0 | B15: =+Overview!B19 -> Q_HouseLocation | C15: 6) In which country(ies) and cities have your house been for more than a year within the last five years? If many, specify maximum of three. | D15: 21 | E15: text
A16: =+Overview!A20 -> RiskPerception_3 | B16: =+Overview!B20 -> Q_FloodFuture | C16: 7) How likely do you consider any type of flood to happen to you in the next 5 to 10 years? | D16: 22 | E16: 5 | F16: 1 = Very unlikely | G16: 2 = Unlikely | H16: 3 = Neutral | I16: 4 = Likely | J16: 5 = Very likely
A17: =+Overview!A21 -> RiskPerception_4 | B17: =+Overview!B21 -> Q_ClimateChange | C17: 8) To what extent do you believe climate change will increase your likelihood or chance of being flooded in the next 5 to 10 years? | D17: 23 | E17: 5 | F17: 1 = No increase at all | G17: 2 = A little increase | H17: 3 = A moderate increase | I17: 4 = A big increase | J17: 5 = An extreme increase
A18: =+Overview!A22 -> RiskPerception_5 | B18: =+Overview!B22 -> Q_Threat | C18: 9) To what extent do you believe you will get damaged in the event of a major flood in the next 5 to 10 years? | D18: 24 | E18: 5 | F18: 1 = I won't get flooded | G18: 2 = If I get flooded, I won't get damaged | H18: 3 = I might suffer minor damage | I18: 4 = I will suffer some damage | J18: 5 = I will get seriously damaged
A19: =+Overview!A23 -> RiskPerception_6 | B19: =+Overview!B23 -> Q_Responsibility | C19: 10) Who do you consider responsible for providing/having flood protection? | D19: 25 | E19: 5 | F19: 1 = Public authorities are completely responsible for flood protection | G19: 2 = Public authorities are responsible and citizens somewhat responsible for flood protection | H19: 3 = Public authorities and citizens are equally responsible for flood protection | I19: 4 = Citizens are responsible, and public authorities are somewhat responsible for flood protection | J19: 5 = Citizens are completely responsible for flood protection
A20: =+Overview!A25 -> 0 | B20: =+Overview!B25 -> Q_ConfidenceNatucity | C20: Areas surrounded by relatively large vegetated areas that may serve for water retention (6) | D20: 26 | E20: 6 | F20: 1 = Absolutely not confident | G20: 2 = Not confident | H20: 3 = Inconclusive | I20: 4 = Somehow confident | J20: 5 = Absolutely confident | K20: 6 = I don't know
A21: =+Overview!A26 -> 0 | B21: =+Overview!B26 -> Q_ConfidenceDiketown | C21: Areas protected with civil engineering flood defences such as dikes | D21: 27 | E21: =+E$20 -> 6 | F21: =+F$20 -> 1 = Absolutely not confident | G21: =+G$20 -> 2 = Not confident | H21: =+H$20 -> 3 = Inconclusive | I21: =+I$20 -> 4 = Somehow confident | J21: =+J$20 -> 5 = Absolutely confident | K21: =+K$20 -> 6 = I don't know
A22: =+Overview!A27 -> 0 | B22: =+Overview!B27 -> Q_ConfidenceUnbesvillage | C22: Areas besides a river or a water channel without protection | D22: 28 | E22: =+E$20 -> 6 | F22: =+F$20 -> 1 = Absolutely not confident | G22: =+G$20 -> 2 = Not confident | H22: =+H$20 -> 3 = Inconclusive | I22: =+I$20 -> 4 = Somehow confident | J22: =+J$20 -> 5 = Absolutely confident | K22: =+K$20 -> 6 = I don't know
A23: =+Overview!A29 -> 0 | B23: =+Overview!B29 -> Q_ConfidenceGreenGarden | C23: Green Garden with open pavement | D23: 29 | E23: 7 | F23: 1 = Only rain protection | G23: 2 = Rain protection AND satisfaction | H23: 3 = Only river protection | I23: 4 = River Protection AND satisfaction | J23: 5 = River AND Rain protection AND satisfaction | K23: 6 = River AND Rain protection | L23: 7 = None, I dont' know
A24: =+Overview!A30 -> 0 | B24: =+Overview!B30 -> Q_ConfidenceRainBarrel | C24: Rain barrel for water recycling | D24: 30 | E24: =+E$23 -> 7 | F24: =+F$23 -> 1 = Only rain protection | G24: =+G$23 -> 2 = Rain protection AND satisfaction | H24: =+H$23 -> 3 = Only river protection | I24: =+I$23 -> 4 = River Protection AND satisfaction | J24: =+J$23 -> 5 = River AND Rain protection AND satisfaction | K24: =+K$23 -> 6 = River AND Rain protection | L24: =+L$23 -> 7 = None, I dont' know
A25: =+Overview!A31 -> 0 | B25: =+Overview!B31 -> Q_ConfidenceSandbags | C25: Sandbags | D25: 31 | E25: =+E$23 -> 7 | F25: =+F$23 -> 1 = Only rain protection | G25: =+G$23 -> 2 = Rain protection AND satisfaction | H25: =+H$23 -> 3 = Only river protection | I25: =+I$23 -> 4 = River Protection AND satisfaction | J25: =+J$23 -> 5 = River AND Rain protection AND satisfaction | K25: =+K$23 -> 6 = River AND Rain protection | L25: =+L$23 -> 7 = None, I dont' know
A26: =+Overview!A32 -> 0 | B26: =+Overview!B32 -> Q_ConfidenceWaterproof | C26: Waterproof walls and floors | D26: 32 | E26: =+E$23 -> 7 | F26: =+F$23 -> 1 = Only rain protection | G26: =+G$23 -> 2 = Rain protection AND satisfaction | H26: =+H$23 -> 3 = Only river protection | I26: =+I$23 -> 4 = River Protection AND satisfaction | J26: =+J$23 -> 5 = River AND Rain protection AND satisfaction | K26: =+K$23 -> 6 = River AND Rain protection | L26: =+L$23 -> 7 = None, I dont' know
A27: =+Overview!A33 -> 0 | B27: =+Overview!B33 -> Q_ConfidenceSelf-wall | C27: Self-activating flood wall | D27: 33 | E27: =+E$23 -> 7 | F27: =+F$23 -> 1 = Only rain protection | G27: =+G$23 -> 2 = Rain protection AND satisfaction | H27: =+H$23 -> 3 = Only river protection | I27: =+I$23 -> 4 = River Protection AND satisfaction | J27: =+J$23 -> 5 = River AND Rain protection AND satisfaction | K27: =+K$23 -> 6 = River AND Rain protection | L27: =+L$23 -> 7 = None, I dont' know
A28: =+Overview!A34 -> 0 | B28: =+Overview!B34 -> Q_ConfidenceInsurance | C28: Flood insurance | D28: 34 | E28: =+E$23 -> 7 | F28: =+F$23 -> 1 = Only rain protection | G28: =+G$23 -> 2 = Rain protection AND satisfaction | H28: =+H$23 -> 3 = Only river protection | I28: =+I$23 -> 4 = River Protection AND satisfaction | J28: =+J$23 -> 5 = River AND Rain protection AND satisfaction | K28: =+K$23 -> 6 = River AND Rain protection | L28: =+L$23 -> 7 = None, I dont' know
A29: =+Overview!A35 -> 0 | B29: =+Overview!B35 -> Q_ConfidenceWaterPump | C29: Water pump installation | D29: 35 | E29: =+E$23 -> 7 | F29: =+F$23 -> 1 = Only rain protection | G29: =+G$23 -> 2 = Rain protection AND satisfaction | H29: =+H$23 -> 3 = Only river protection | I29: =+I$23 -> 4 = River Protection AND satisfaction | J29: =+J$23 -> 5 = River AND Rain protection AND satisfaction | K29: =+K$23 -> 6 = River AND Rain protection | L29: =+L$23 -> 7 = None, I dont' know
